"Name :";"UHLS_01_ELT_000_EZ_01_BG1";"UHLS_01_ELT_000_EZ_02_BG1";"UHLS_01_ELT_000_EZ_03_BG1";"UHLS_01_ELT_000_EZ_04_BG1";"UHLS_01_ELT_000_EZ_05_BG1";"UHLS_01_ELT_001_EZ_01_BG1";"UHLS_01_ELT_002_EZ_01_BG1";"UHLS_01_ELT_003_EZ_01_BG1";"UHLS_01_ELT_004_EZ_01_BG1";"UHLS_01_ELT_005_EZ_01_BG1";"UHLS_01_ELT_007_EZ_01_BG1";"UHLS_01_ELT_008_EZ_01_BG1";"UHLS_01_ELT_009_EZ_01_BG1";"UHLS_01_ELT_010_EZ_01_BG1";"UHLS_01_ELT_011_EZ_01_BG1";"UHLS_01_ELT_012_EZ_01_BG1";"UHLS_01_ELT_014_EZ_01_BG1";"UHLS_01_ELT_015_EZ_01_BG1";"UHLS_01_ELT_016_EZ_01_BG1";"UHLS_01_ELT_017_EZ_01_BG1";"UHLS_01_ERR_001_ME_01_EN1";"UHLS_01_ERR_001_ME_01_EN1";"UHLS_01_ERR_001_ME_01_EN1";"UHLS_01_ERR_001_ME_02_EN1";"UHLS_01_ERR_001_ME_02_EN1";"UHLS_01_ERR_001_ME_03_EN1";"UHLS_01_ERR_001_ME_03_EN1";"UHLS_01_ERR_001_ME_04_EN1";"UHLS_01_ERR_001_ME_04_EN1";"UHLS_01_ERR_001_ME_05_EN1";"UHLS_01_ERR_001_ME_06_EN1";"UHLS_01_ERR_001_ME_07_EN1";
"Unit :";"kWh";"kWh";"kWh";"kWh";"kWh";"kWh";"kWh";"kWh";"kWh";"kWh";"kWh";"kWh";"kWh";"kWh";"kWh";"kWh";"kWh";"kWh";"kWh";"kWh";"kWh";"kWh";"kWh";"kWh";"kWh";"kWh";"kWh";"kWh";"kWh";"kWh";"kWh";"kWh";
"Description :";"Photovoltaik Ertrag Fassade - EZ Energie";"Photovoltaik Ertrag Zusatzflächen/Container - EZ Energie";"Photovoltaik Ertrag Hauptbau - EZ Energie";"Hauptbau MSR-Schrank ISP61 - EZ Energie";"Hauptbau M-Bus Zähler - Heizkreispumpe - EZ Energie";"Hauptbau - Aufzug HVT2 Energie";"Erweiterungsbau - Heizstab Energie";"Erweiterungsbau - Verbrauch Energie";"Container - Verbrauch Energie";"Hauptbau - Verbrauch Energie";"- EVU-Bezug HT Energie";"- EVU-Bezug NT Energie";"- Einspeißung HT Energie";"- Einspeisung NT Energie";"- Kühlung EDV-Pumpen-1OG Energie";"- Kühlung EDV-Pumpen-2OG Energie";"RLT Summe";"Beleuchtung gesamt";"Strom Heizung gesamt";"Strom MSR-Steuerung";"Raum 002 - Energie Strom Verbrauchsmessung 372 UV2 Gesamtstrom im Raum 002 Eingebaut";"Raum 001 - Energie Strom Verbrauchsmessung  377 Lüftung";"Wärmepumpe 1 Uhlandschule Energie";"Raum 002 - Energie Strom Verbrauchsmessung  387 Lüftung WC EG West im Raum 002 Eingebaut";"Raum 001 - Energie Strom Verbrauchsmessung Steckdosen";"Raum 002 - Energie Strom Verbrauchsmessung Beleuchtung Raum 002";"Raum 001 - Energie Strom Verbrauchsmessung Not Aus";"Raum 002 - Energie Strom Verbrauchsmessung Steckdosen Raum 002";"Raum 001 - Energie Strom Verbrauchsmessung Beleuchtung";"Raum 002 - Energie Strom Verbrauchsmessung Sonstiges Raum 002";"Raum 002 - Energie Strom Verbrauchsmessung Beleuchtung 070-074 im Raum 002 Eigebaut";"Raum 002 - Energie Strom Verbrauchsmessung Laubengang 092 im Raum 002 Eingebaut";
"Timestamp :";
"2025-01-31 23:02:27";"";"";"";"";"";"";"";"";"";"";"";"";"";"";"";"";"";"";"";"";"";"";"";"";"";"";"";"";"";"";"";"";
"2025-01-31 23:08:29";"";"";"";"";"";"";"";"";"";"";"";"";"";"";"";"";"";"";"";"";"";"";"";"";"";"";"";"";"";"";"";"";
"2025-01-31 23:11:30";"";"";"";"";"";"";"";"";"";"";"";"";"";"";"";"";"";"";"";"";"";"";"";"";"";"";"";"";"";"";"";"";
"2025-01-31 23:17:33";"";"";"";"";"";"";"";"";"";"";"";"";"";"";"";"";"";"";"";"";"";"";"";"";"";"";"";"";"";"";"";"";
"2025-01-31 23:23:35";"";"";"";"";"";"";"";"";"";"";"";"";"";"";"";"";"";"";"";"";"";"";"";"";"";"";"";"";"";"";"";"";
"2025-01-31 23:26:36";"";"";"";"";"";"";"";"";"";"";"";"";"";"";"";"";"";"";"";"";"";"";"";"";"";"";"";"";"";"";"";"";
"2025-01-31 23:32:38";"";"";"";"";"";"";"";"";"";"";"";"";"";"";"";"";"";"";"";"";"";"";"";"";"";"";"";"";"";"";"";"";
"2025-01-31 23:36:01";"31 014.57";"390 397.59";"835 543.63";"0.00";"0.00";"4 792.84";"0.00";"205 534.47";"130 291.31";"994 192.19";"3 016.38";"2 433.07";"9 062.32";"4.66";"11 417.89";"11 636.76";"53 935.55";"81 593.39";"480 647.84";"81 740.71";"941.18";"1 111.55";"92 460.71";"3 640.80";"69.48";"";"422.40";"5 026.57";"";"7 337.38";"";"1 759.12";
"2025-01-31 23:38:40";"";"";"";"";"";"";"";"";"";"";"";"";"";"";"";"";"";"";"";"";"";"";"";"";"";"";"";"";"";"";"";"";
"2025-01-31 23:41:42";"";"";"";"";"";"";"";"";"";"";"";"";"";"";"";"";"";"";"";"";"";"";"";"";"";"";"";"";"";"";"";"";
"2025-01-31 23:47:44";"";"";"";"";"";"";"";"";"";"";"";"";"";"";"";"";"";"";"";"";"";"";"";"";"";"";"";"";"";"";"";"";
"2025-01-31 23:53:46";"";"";"";"";"";"";"";"";"";"";"";"";"";"";"";"";"";"";"";"";"";"";"";"";"";"";"";"";"";"";"";"";
"2025-01-31 23:56:48";"";"";"";"";"";"";"";"";"";"";"";"";"";"";"";"";"";"";"";"";"";"";"";"";"";"";"";"";"";"";"";"";
"2025-02-01 00:02:50";"";"";"";"";"";"";"";"";"";"";"";"";"";"";"";"";"";"";"";"";"";"";"";"";"";"";"";"";"";"";"";"";
"2025-02-01 00:08:52";"";"";"";"";"";"";"";"";"";"";"";"";"";"";"";"";"";"";"";"";"";"";"";"";"";"";"";"";"";"";"";"";
"2025-02-01 00:11:55";"";"";"";"";"";"";"";"";"";"";"";"";"";"";"";"";"";"";"";"";"";"";"";"";"";"";"";"";"";"";"";"";
"2025-02-01 00:17:57";"";"";"";"";"";"";"";"";"";"";"";"";"";"";"";"";"";"";"";"";"";"";"";"";"";"";"";"";"";"";"";"";
"2025-02-01 00:20:58";"";"";"";"";"";"";"";"";"";"";"";"";"";"";"";"";"";"";"";"";"";"";"";"";"";"";"";"";"";"";"";"";
"2025-02-01 00:27:00";"";"";"";"";"";"";"";"";"";"";"";"";"";"";"";"";"";"";"";"";"";"";"";"";"";"";"";"";"";"";"";"";
"2025-02-01 00:33:02";"";"";"";"";"";"";"";"";"";"";"";"";"";"";"";"";"";"";"";"";"";"";"";"";"";"";"";"";"";"";"";"";
"2025-02-01 00:36:01";"31 014.57";"390 397.59";"835 543.63";"0.00";"0.00";"4 792.90";"0.00";"205 535.45";"130 293.04";"994 210.63";"3 016.38";"2 433.25";"9 062.32";"4.66";"11 418.07";"11 636.93";"53 936.27";"81 594.02";"480 660.53";"81 741.57";"941.18";"1 111.55";"92 460.73";"3 640.80";"69.48";"";"422.40";"5 026.57";"";"7 337.38";"";"1 759.12";
"2025-02-01 00:36:03";"";"";"";"";"";"";"";"";"";"";"";"";"";"";"";"";"";"";"";"";"";"";"";"";"";"";"";"";"";"";"";"";
"2025-02-01 00:42:06";"";"";"";"";"";"";"";"";"";"";"";"";"";"";"";"";"";"";"";"";"";"";"";"";"";"";"";"";"";"";"";"";
"2025-02-01 00:45:43";"";"";"";"";"";"";"";"";"";"";"";"";"";"";"";"";"";"";"";"";"";"";"";"";"";"";"";"";"";"";"";"";
"2025-02-01 00:48:08";"";"";"";"";"";"";"";"";"";"";"";"";"";"";"";"";"";"";"";"";"";"";"";"";"";"";"";"";"";"";"";"";
"2025-02-01 00:51:09";"";"";"";"";"";"";"";"";"";"";"";"";"";"";"";"";"";"";"";"";"";"";"";"";"";"";"";"";"";"";"";"";
"2025-02-01 00:57:11";"";"";"";"";"";"";"";"";"";"";"";"";"";"";"";"";"";"";"";"";"";"";"";"";"";"";"";"";"";"";"";"";
"2025-02-01 01:03:13";"";"";"";"";"";"";"";"";"";"";"";"";"";"";"";"";"";"";"";"";"";"";"";"";"";"";"";"";"";"";"";"";
"2025-02-01 01:06:15";"";"";"";"";"";"";"";"";"";"";"";"";"";"";"";"";"";"";"";"";"";"";"";"";"";"";"";"";"";"";"";"";
"2025-02-01 01:12:17";"";"";"";"";"";"";"";"";"";"";"";"";"";"";"";"";"";"";"";"";"";"";"";"";"";"";"";"";"";"";"";"";
"2025-02-01 01:18:19";"";"";"";"";"";"";"";"";"";"";"";"";"";"";"";"";"";"";"";"";"";"";"";"";"";"";"";"";"";"";"";"";
"2025-02-01 01:21:20";"";"";"";"";"";"";"";"";"";"";"";"";"";"";"";"";"";"";"";"";"";"";"";"";"";"";"";"";"";"";"";"";
"2025-02-01 01:27:23";"";"";"";"";"";"";"";"";"";"";"";"";"";"";"";"";"";"";"";"";"";"";"";"";"";"";"";"";"";"";"";"";
"2025-02-01 01:33:25";"";"";"";"";"";"";"";"";"";"";"";"";"";"";"";"";"";"";"";"";"";"";"";"";"";"";"";"";"";"";"";"";
"2025-02-01 01:36:01";"31 014.57";"390 397.59";"835 543.69";"0.00";"0.00";"4 792.96";"0.00";"205 536.33";"130 294.96";"994 222.38";"3 016.38";"2 433.37";"9 062.32";"4.66";"11 418.25";"11 637.11";"53 936.98";"81 594.67";"480 665.72";"81 742.66";"941.18";"1 111.55";"92 460.75";"3 640.80";"69.48";"";"422.40";"5 026.57";"";"7 337.38";"";"1 759.12";
"2025-02-01 01:36:26";"";"";"";"";"";"";"";"";"";"";"";"";"";"";"";"";"";"";"";"";"";"";"";"";"";"";"";"";"";"";"";"";
"2025-02-01 01:42:28";"";"";"";"";"";"";"";"";"";"";"";"";"";"";"";"";"";"";"";"";"";"";"";"";"";"";"";"";"";"";"";"";
"2025-02-01 01:48:30";"";"";"";"";"";"";"";"";"";"";"";"";"";"";"";"";"";"";"";"";"";"";"";"";"";"";"";"";"";"";"";"";
"2025-02-01 01:51:32";"";"";"";"";"";"";"";"";"";"";"";"";"";"";"";"";"";"";"";"";"";"";"";"";"";"";"";"";"";"";"";"";
"2025-02-01 01:57:34";"";"";"";"";"";"";"";"";"";"";"";"";"";"";"";"";"";"";"";"";"";"";"";"";"";"";"";"";"";"";"";"";
"2025-02-01 01:58:03";"";"";"";"";"";"";"";"";"";"";"";"";"";"";"";"";"";"";"";"";"";"";"";"";"";"";"";"";"";"";"";"";
"2025-02-01 02:03:36";"";"";"";"";"";"";"";"";"";"";"";"";"";"";"";"";"";"";"";"";"";"";"";"";"";"";"";"";"";"";"";"";
"2025-02-01 02:06:37";"";"";"";"";"";"";"";"";"";"";"";"";"";"";"";"";"";"";"";"";"";"";"";"";"";"";"";"";"";"";"";"";
"2025-02-01 02:12:39";"";"";"";"";"";"";"";"";"";"";"";"";"";"";"";"";"";"";"";"";"";"";"";"";"";"";"";"";"";"";"";"";
"2025-02-01 02:18:42";"";"";"";"";"";"";"";"";"";"";"";"";"";"";"";"";"";"";"";"";"";"";"";"";"";"";"";"";"";"";"";"";
"2025-02-01 02:21:43";"";"";"";"";"";"";"";"";"";"";"";"";"";"";"";"";"";"";"";"";"";"";"";"";"";"";"";"";"";"";"";"";
"2025-02-01 02:27:45";"";"";"";"";"";"";"";"";"";"";"";"";"";"";"";"";"";"";"";"";"";"";"";"";"";"";"";"";"";"";"";"";
"2025-02-01 02:33:47";"";"";"";"";"";"";"";"";"";"";"";"";"";"";"";"";"";"";"";"";"";"";"";"";"";"";"";"";"";"";"";"";
"2025-02-01 02:36:01";"31 014.57";"390 397.59";"835 543.63";"0.00";"0.00";"4 793.02";"0.00";"205 537.22";"130 296.67";"994 248.63";"3 016.38";"2 433.62";"9 062.32";"4.66";"11 418.43";"11 637.29";"53 937.70";"81 595.37";"480 686.13";"81 743.45";"941.18";"1 111.55";"92 460.76";"3 640.80";"69.48";"";"422.40";"5 026.57";"";"7 337.38";"";"1 759.12";
"2025-02-01 02:36:48";"";"";"";"";"";"";"";"";"";"";"";"";"";"";"";"";"";"";"";"";"";"";"";"";"";"";"";"";"";"";"";"";
"2025-02-01 02:42:51";"";"";"";"";"";"";"";"";"";"";"";"";"";"";"";"";"";"";"";"";"";"";"";"";"";"";"";"";"";"";"";"";
"2025-02-01 02:45:52";"";"";"";"";"";"";"";"";"";"";"";"";"";"";"";"";"";"";"";"";"";"";"";"";"";"";"";"";"";"";"";"";
"2025-02-01 02:51:54";"";"";"";"";"";"";"";"";"";"";"";"";"";"";"";"";"";"";"";"";"";"";"";"";"";"";"";"";"";"";"";"";
"2025-02-01 02:54:08";"";"";"";"";"";"";"";"";"";"";"";"";"";"";"";"";"";"";"";"";"";"";"";"";"";"";"";"";"";"";"";"";
"2025-02-01 02:57:56";"";"";"";"";"";"";"";"";"";"";"";"";"";"";"";"";"";"";"";"";"";"";"";"";"";"";"";"";"";"";"";"";
"2025-02-01 03:00:57";"";"";"";"";"";"";"";"";"";"";"";"";"";"";"";"";"";"";"";"";"";"";"";"";"";"";"";"";"";"";"";"";
"2025-02-01 03:07:02";"";"";"";"";"";"";"";"";"";"";"";"";"";"";"";"";"";"";"";"";"";"";"";"";"";"";"";"";"";"";"";"";
"2025-02-01 03:13:09";"";"";"";"";"";"";"";"";"";"";"";"";"";"";"";"";"";"";"";"";"";"";"";"";"";"";"";"";"";"";"";"";
"2025-02-01 03:16:10";"";"";"";"";"";"";"";"";"";"";"";"";"";"";"";"";"";"";"";"";"";"";"";"";"";"";"";"";"";"";"";"";
"2025-02-01 03:22:12";"";"";"";"";"";"";"";"";"";"";"";"";"";"";"";"";"";"";"";"";"";"";"";"";"";"";"";"";"";"";"";"";
"2025-02-01 03:28:17";"";"";"";"";"";"";"";"";"";"";"";"";"";"";"";"";"";"";"";"";"";"";"";"";"";"";"";"";"";"";"";"";
"2025-02-01 03:31:17";"";"";"";"";"";"";"";"";"";"";"";"";"";"";"";"";"";"";"";"";"";"";"";"";"";"";"";"";"";"";"";"";
"2025-02-01 03:36:01";"31 014.57";"390 397.59";"835 543.69";"0.00";"0.00";"4 793.07";"0.00";"205 538.09";"130 298.23";"994 265.13";"3 016.38";"2 433.77";"9 062.32";"4.66";"11 418.59";"11 637.46";"53 938.38";"81 595.99";"480 696.19";"81 744.27";"941.18";"1 111.55";"92 460.78";"3 640.80";"69.48";"";"422.40";"5 026.57";"";"7 337.38";"";"1 759.12";
"2025-02-01 03:37:25";"";"";"";"";"";"";"";"";"";"";"";"";"";"";"";"";"";"";"";"";"";"";"";"";"";"";"";"";"";"";"";"";
"2025-02-01 03:43:27";"";"";"";"";"";"";"";"";"";"";"";"";"";"";"";"";"";"";"";"";"";"";"";"";"";"";"";"";"";"";"";"";
"2025-02-01 03:46:28";"";"";"";"";"";"";"";"";"";"";"";"";"";"";"";"";"";"";"";"";"";"";"";"";"";"";"";"";"";"";"";"";
"2025-02-01 03:52:30";"";"";"";"";"";"";"";"";"";"";"";"";"";"";"";"";"";"";"";"";"";"";"";"";"";"";"";"";"";"";"";"";
"2025-02-01 03:58:32";"";"";"";"";"";"";"";"";"";"";"";"";"";"";"";"";"";"";"";"";"";"";"";"";"";"";"";"";"";"";"";"";
"2025-02-01 04:01:34";"";"";"";"";"";"";"";"";"";"";"";"";"";"";"";"";"";"";"";"";"";"";"";"";"";"";"";"";"";"";"";"";
"2025-02-01 04:07:36";"";"";"";"";"";"";"";"";"";"";"";"";"";"";"";"";"";"";"";"";"";"";"";"";"";"";"";"";"";"";"";"";
"2025-02-01 04:13:38";"";"";"";"";"";"";"";"";"";"";"";"";"";"";"";"";"";"";"";"";"";"";"";"";"";"";"";"";"";"";"";"";
"2025-02-01 04:16:39";"";"";"";"";"";"";"";"";"";"";"";"";"";"";"";"";"";"";"";"";"";"";"";"";"";"";"";"";"";"";"";"";
"2025-02-01 04:22:42";"";"";"";"";"";"";"";"";"";"";"";"";"";"";"";"";"";"";"";"";"";"";"";"";"";"";"";"";"";"";"";"";
"2025-02-01 04:28:44";"";"";"";"";"";"";"";"";"";"";"";"";"";"";"";"";"";"";"";"";"";"";"";"";"";"";"";"";"";"";"";"";
"2025-02-01 04:31:45";"";"";"";"";"";"";"";"";"";"";"";"";"";"";"";"";"";"";"";"";"";"";"";"";"";"";"";"";"";"";"";"";
"2025-02-01 04:36:01";"31 014.57";"390 397.59";"835 543.69";"0.00";"0.00";"4 793.13";"0.00";"205 539.03";"130 300.04";"994 282.81";"3 016.38";"2 433.95";"9 062.32";"4.66";"11 418.77";"11 637.64";"53 939.10";"81 596.69";"480 707.50";"81 745.42";"941.18";"1 111.55";"92 460.80";"3 640.80";"69.48";"";"422.40";"5 026.57";"";"7 337.38";"";"1 759.12";
"2025-02-01 04:37:47";"";"";"";"";"";"";"";"";"";"";"";"";"";"";"";"";"";"";"";"";"";"";"";"";"";"";"";"";"";"";"";"";
"2025-02-01 04:40:48";"";"";"";"";"";"";"";"";"";"";"";"";"";"";"";"";"";"";"";"";"";"";"";"";"";"";"";"";"";"";"";"";
"2025-02-01 04:46:51";"";"";"";"";"";"";"";"";"";"";"";"";"";"";"";"";"";"";"";"";"";"";"";"";"";"";"";"";"";"";"";"";
"2025-02-01 04:52:53";"";"";"";"";"";"";"";"";"";"";"";"";"";"";"";"";"";"";"";"";"";"";"";"";"";"";"";"";"";"";"";"";
"2025-02-01 04:55:54";"";"";"";"";"";"";"";"";"";"";"";"";"";"";"";"";"";"";"";"";"";"";"";"";"";"";"";"";"";"";"";"";
"2025-02-01 05:01:56";"";"";"";"";"";"";"";"";"";"";"";"";"";"";"";"";"";"";"";"";"";"";"";"";"";"";"";"";"";"";"";"";
"2025-02-01 05:07:59";"";"";"";"";"";"";"";"";"";"";"";"";"";"";"";"";"";"";"";"";"";"";"";"";"";"";"";"";"";"";"";"";
"2025-02-01 05:09:44";"";"";"";"";"";"";"";"";"";"";"";"";"";"";"";"";"";"";"";"";"";"";"";"";"";"";"";"";"";"";"";"";
"2025-02-01 05:11:00";"";"";"";"";"";"";"";"";"";"";"";"";"";"";"";"";"";"";"";"";"";"";"";"";"";"";"";"";"";"";"";"";
"2025-02-01 05:14:01";"";"";"";"";"";"";"";"";"";"";"";"";"";"";"";"";"";"";"";"";"";"";"";"";"";"";"";"";"";"";"";"";
"2025-02-01 05:17:02";"";"";"";"";"";"";"";"";"";"";"";"";"";"";"";"";"";"";"";"";"";"";"";"";"";"";"";"";"";"";"";"";
"2025-02-01 05:23:05";"";"";"";"";"";"";"";"";"";"";"";"";"";"";"";"";"";"";"";"";"";"";"";"";"";"";"";"";"";"";"";"";
"2025-02-01 05:26:06";"";"";"";"";"";"";"";"";"";"";"";"";"";"";"";"";"";"";"";"";"";"";"";"";"";"";"";"";"";"";"";"";
"2025-02-01 05:32:08";"";"";"";"";"";"";"";"";"";"";"";"";"";"";"";"";"";"";"";"";"";"";"";"";"";"";"";"";"";"";"";"";
"2025-02-01 05:36:01";"31 014.57";"390 397.59";"835 543.81";"0.00";"0.00";"4 793.20";"0.00";"205 539.92";"130 301.73";"994 295.81";"3 016.38";"2 434.08";"9 062.32";"4.66";"11 418.96";"11 637.81";"53 939.80";"81 597.34";"480 714.41";"81 746.29";"941.18";"1 111.55";"92 460.81";"3 640.80";"69.48";"";"422.40";"5 026.57";"";"7 337.38";"";"1 759.12";
"2025-02-01 05:38:10";"";"";"";"";"";"";"";"";"";"";"";"";"";"";"";"";"";"";"";"";"";"";"";"";"";"";"";"";"";"";"";"";
"2025-02-01 05:41:12";"";"";"";"";"";"";"";"";"";"";"";"";"";"";"";"";"";"";"";"";"";"";"";"";"";"";"";"";"";"";"";"";
"2025-02-01 05:47:14";"";"";"";"";"";"";"";"";"";"";"";"";"";"";"";"";"";"";"";"";"";"";"";"";"";"";"";"";"";"";"";"";
"2025-02-01 05:53:16";"";"";"";"";"";"";"";"";"";"";"";"";"";"";"";"";"";"";"";"";"";"";"";"";"";"";"";"";"";"";"";"";
"2025-02-01 05:56:18";"";"";"";"";"";"";"";"";"";"";"";"";"";"";"";"";"";"";"";"";"";"";"";"";"";"";"";"";"";"";"";"";
"2025-02-01 06:02:20";"";"";"";"";"";"";"";"";"";"";"";"";"";"";"";"";"";"";"";"";"";"";"";"";"";"";"";"";"";"";"";"";
"2025-02-01 06:08:22";"";"";"";"";"";"";"";"";"";"";"";"";"";"";"";"";"";"";"";"";"";"";"";"";"";"";"";"";"";"";"";"";
"2025-02-01 06:11:23";"";"";"";"";"";"";"";"";"";"";"";"";"";"";"";"";"";"";"";"";"";"";"";"";"";"";"";"";"";"";"";"";
"2025-02-01 06:17:26";"";"";"";"";"";"";"";"";"";"";"";"";"";"";"";"";"";"";"";"";"";"";"";"";"";"";"";"";"";"";"";"";
"2025-02-01 06:23:13";"";"";"";"";"";"";"";"";"";"";"";"";"";"";"";"";"";"";"";"";"";"";"";"";"";"";"";"";"1 347.99";"";"";"";
"2025-02-01 06:23:14";"";"";"";"";"";"";"";"";"";"";"";"";"";"";"";"";"";"";"";"";"";"";"";"";"";"";"";"";"";"";"";"";
"2025-02-01 06:23:28";"";"";"";"";"";"";"";"";"";"";"";"";"";"";"";"";"";"";"";"";"";"";"";"";"";"";"";"";"";"";"";"";
"2025-02-01 06:26:29";"";"";"";"";"";"";"";"";"";"";"";"";"";"";"";"";"";"";"";"";"";"";"";"";"";"";"";"";"";"";"";"";
"2025-02-01 06:32:31";"";"";"";"";"";"";"";"";"";"";"";"";"";"";"";"";"";"";"";"";"";"";"";"";"";"";"";"";"";"";"";"";
"2025-02-01 06:36:01";"31 014.57";"390 397.59";"835 543.69";"0.00";"0.00";"4 793.26";"0.00";"205 540.88";"130 303.48";"994 314.38";"3 016.49";"2 434.16";"9 062.32";"4.66";"11 419.13";"11 637.99";"53 940.63";"81 598.08";"480 727.38";"81 747.09";"941.18";"1 111.74";"92 460.83";"3 640.80";"69.54";"";"422.59";"5 026.57";"";"7 337.38";"";"1 759.12";
"2025-02-01 06:38:33";"";"";"";"";"";"";"";"";"";"";"";"";"";"";"";"";"";"";"";"";"";"";"";"";"";"";"";"";"";"";"";"";
"2025-02-01 06:41:35";"";"";"";"";"";"";"";"";"";"";"";"";"";"";"";"";"";"";"";"";"";"";"";"";"";"";"";"";"";"";"";"";
"2025-02-01 06:47:37";"";"";"";"";"";"";"";"";"";"";"";"";"";"";"";"";"";"";"";"";"";"";"";"";"";"";"";"";"";"";"";"";
"2025-02-01 06:53:39";"";"";"";"";"";"";"";"";"";"";"";"";"";"";"";"";"";"";"";"";"";"";"";"";"";"";"";"";"";"";"";"";
"2025-02-01 06:56:40";"";"";"";"";"";"";"";"";"";"";"";"";"";"";"";"";"";"";"";"";"";"";"";"";"";"";"";"";"";"";"";"";
"2025-02-01 07:02:42";"";"";"";"";"";"";"";"";"";"";"";"";"";"";"";"";"";"";"";"";"";"";"";"";"";"";"";"";"";"";"";"";
"2025-02-01 07:05:43";"";"";"";"";"";"";"";"";"";"";"";"";"";"";"";"";"";"";"";"";"";"";"";"";"";"";"";"";"";"";"";"";
"2025-02-01 07:06:30";"";"";"";"";"";"";"";"";"";"";"";"";"";"";"";"";"";"";"";"";"";"";"";"";"";"";"";"";"";"";"";"";
"2025-02-01 07:07:29";"";"";"";"";"";"";"";"";"";"";"";"";"";"";"";"";"";"";"";"";"";"";"";"";"";"";"";"";"";"";"";"";
"2025-02-01 07:11:46";"";"";"";"";"";"";"";"";"";"";"";"";"";"";"";"";"";"";"";"";"";"";"";"";"";"";"";"";"";"";"";"";
"2025-02-01 07:17:47";"";"";"";"";"";"";"";"";"";"";"";"";"";"";"";"";"";"";"";"";"";"";"";"";"";"";"";"";"";"";"";"";
"2025-02-01 07:20:49";"";"";"";"";"";"";"";"";"";"";"";"";"";"";"";"";"";"";"";"";"";"";"";"";"";"";"";"";"";"";"";"";
"2025-02-01 07:26:51";"";"";"";"";"";"";"";"";"";"";"";"";"";"";"";"";"";"";"";"";"";"";"";"";"";"";"";"";"";"";"";"";
"2025-02-01 07:32:53";"";"";"";"";"";"";"";"";"";"";"";"";"";"";"";"";"";"";"";"";"";"";"";"";"";"";"";"";"";"";"";"";
"2025-02-01 07:35:55";"";"";"";"";"";"";"";"";"";"";"";"";"";"";"";"";"";"";"";"";"";"";"";"";"";"";"";"";"";"";"";"";
"2025-02-01 07:36:01";"31 014.57";"390 397.59";"835 543.81";"0.00";"0.00";"4 793.32";"0.00";"205 541.77";"130 305.20";"994 331.19";"3 016.65";"2 434.16";"9 062.32";"4.66";"11 419.31";"11 638.16";"53 941.36";"81 598.73";"480 737.94";"81 748.01";"941.18";"1 111.74";"92 460.85";"3 640.80";"69.54";"";"422.59";"5 026.57";"";"7 337.38";"";"1 759.12";
"2025-02-01 07:41:57";"";"";"";"";"";"";"";"";"";"";"";"";"";"";"";"";"";"";"";"";"";"";"";"";"";"";"";"";"";"";"";"";
"2025-02-01 07:47:59";"";"";"";"";"";"";"";"";"";"";"";"";"";"";"";"";"";"";"";"";"";"";"";"";"";"";"";"";"";"";"";"";
"2025-02-01 07:51:01";"";"";"";"";"";"";"";"";"";"";"";"";"";"";"";"";"";"";"";"";"";"";"";"";"";"";"";"";"";"";"";"";
"2025-02-01 07:57:03";"";"";"";"";"";"";"";"";"";"";"";"";"";"";"";"";"";"";"";"";"";"";"";"";"";"";"";"";"";"";"";"";
"2025-02-01 08:03:06";"";"";"";"";"";"";"";"";"";"";"";"";"";"";"";"";"";"";"";"";"";"";"";"";"";"";"";"";"";"";"";"";
"2025-02-01 08:06:07";"";"";"";"";"";"";"";"";"";"";"";"";"";"";"";"";"";"";"";"";"";"";"";"";"";"";"";"";"";"";"";"";
"2025-02-01 08:12:09";"";"";"";"";"";"";"";"";"";"";"";"";"";"";"";"";"";"";"";"";"";"";"";"";"";"";"";"";"";"";"";"";
"2025-02-01 08:18:11";"";"";"";"";"";"";"";"";"";"";"";"";"";"";"";"";"";"";"";"";"";"";"";"";"";"";"";"";"";"";"";"";
"2025-02-01 08:21:12";"";"";"";"";"";"";"";"";"";"";"";"";"";"";"";"";"";"";"";"";"";"";"";"";"";"";"";"";"";"";"";"";
"2025-02-01 08:27:15";"";"";"";"";"";"";"";"";"";"";"";"";"";"";"";"";"";"";"";"";"";"";"";"";"";"";"";"";"";"";"";"";
"2025-02-01 08:33:17";"";"";"";"";"";"";"";"";"";"";"";"";"";"";"";"";"";"";"";"";"";"";"";"";"";"";"";"";"";"";"";"";
"2025-02-01 08:36:01";"31 014.61";"390 397.84";"835 544.88";"0.00";"0.00";"4 793.37";"0.00";"205 542.67";"130 306.27";"994 351.69";"3 016.83";"2 434.16";"9 062.32";"4.66";"11 419.49";"11 638.34";"53 942.10";"81 599.45";"480 751.94";"81 749.13";"941.18";"1 111.74";"92 460.88";"3 640.80";"69.54";"";"422.59";"5 026.57";"";"7 337.38";"";"1 759.12";
"2025-02-01 08:36:18";"";"";"";"";"";"";"";"";"";"";"";"";"";"";"";"";"";"";"";"";"";"";"";"";"";"";"";"";"";"";"";"";
"2025-02-01 08:42:20";"";"";"";"";"";"";"";"";"";"";"";"";"";"";"";"";"";"";"";"";"";"";"";"";"";"";"";"";"";"";"";"";
"2025-02-01 08:48:23";"";"";"";"";"";"";"";"";"";"";"";"";"";"";"";"";"";"";"";"";"";"";"";"";"";"";"";"";"";"";"";"";
"2025-02-01 08:50:00";"";"";"";"";"";"";"";"";"";"";"";"";"";"";"";"";"";"";"";"";"";"";"";"";"";"11 048.30";"";"";"";"";"";"";
"2025-02-01 08:51:24";"";"";"";"";"";"";"";"";"";"";"";"";"";"";"";"";"";"";"";"";"";"";"";"";"";"";"";"";"";"";"";"";
"2025-02-01 08:57:27";"";"";"";"";"";"";"";"";"";"";"";"";"";"";"";"";"";"";"";"";"";"";"";"";"";"";"";"";"";"";"";"";
"2025-02-01 09:03:29";"";"";"";"";"";"";"";"";"";"";"";"";"";"";"";"";"";"";"";"";"";"";"";"";"";"";"";"";"";"";"";"";
"2025-02-01 09:06:30";"";"";"";"";"";"";"";"";"";"";"";"";"";"";"";"";"";"";"";"";"";"";"";"";"";"";"";"";"";"";"";"";
"2025-02-01 09:12:33";"";"";"";"";"";"";"";"";"";"";"";"";"";"";"";"";"";"";"";"";"";"";"";"";"";"";"";"";"";"";"";"";
"2025-02-01 09:18:35";"";"";"";"";"";"";"";"";"";"";"";"";"";"";"";"";"";"";"";"";"";"";"";"";"";"";"";"";"";"";"";"";
"2025-02-01 09:21:36";"";"";"";"";"";"";"";"";"";"";"";"";"";"";"";"";"";"";"";"";"";"";"";"";"";"";"";"";"";"";"";"";
"2025-02-01 09:27:38";"";"";"";"";"";"";"";"";"";"";"";"";"";"";"";"";"";"";"";"";"";"";"";"";"";"";"";"";"";"";"";"";
"2025-02-01 09:30:39";"";"";"";"";"";"";"";"";"";"";"";"";"";"";"";"";"";"";"";"";"";"";"";"";"";"";"";"";"";"";"";"";
"2025-02-01 09:36:01";"31 016.19";"390 399.09";"835 555.00";"0.00";"0.00";"4 793.44";"0.00";"205 543.64";"130 307.23";"994 371.81";"3 016.90";"2 434.16";"9 062.35";"4.66";"11 419.66";"11 638.51";"53 942.80";"81 600.15";"480 765.69";"81 749.95";"941.18";"1 111.74";"92 460.88";"3 640.80";"69.54";"";"422.59";"5 026.91";"";"7 338.36";"";"1 759.12";
"2025-02-01 09:36:41";"";"";"";"";"";"";"";"";"";"";"";"";"";"";"";"";"";"";"";"";"";"";"";"";"";"";"";"";"";"";"";"";
"2025-02-01 09:36:53";"";"";"";"";"";"";"";"";"";"";"";"";"";"";"";"";"";"";"";"";"";"";"";"";"";"";"";"";"";"";"1 840.39";"";
"2025-02-01 09:36:54";"";"";"";"";"";"";"";"";"";"";"";"";"";"";"";"";"";"";"";"";"";"";"";"";"";"";"";"";"";"";"";"";
"2025-02-01 09:42:44";"";"";"";"";"";"";"";"";"";"";"";"";"";"";"";"";"";"";"";"";"";"";"";"";"";"";"";"";"";"";"";"";
"2025-02-01 09:45:45";"";"";"";"";"";"";"";"";"";"";"";"";"";"";"";"";"";"";"";"";"";"";"";"";"";"";"";"";"";"";"";"";
"2025-02-01 09:51:47";"";"";"";"";"";"";"";"";"";"";"";"";"";"";"";"";"";"";"";"";"";"";"";"";"";"";"";"";"";"";"";"";
"2025-02-01 09:57:49";"";"";"";"";"";"";"";"";"";"";"";"";"";"";"";"";"";"";"";"";"";"";"";"";"";"";"";"";"";"";"";"";
"2025-02-01 10:00:50";"";"";"";"";"";"";"";"";"";"";"";"";"";"";"";"";"";"";"";"";"";"";"";"";"";"";"";"";"";"";"";"";
"2025-02-01 10:06:53";"";"";"";"";"";"";"";"";"";"";"";"";"";"";"";"";"";"";"";"";"";"";"";"";"";"";"";"";"";"";"";"";
"2025-02-01 10:12:55";"";"";"";"";"";"";"";"";"";"";"";"";"";"";"";"";"";"";"";"";"";"";"";"";"";"";"";"";"";"";"";"";
"2025-02-01 10:15:56";"";"";"";"";"";"";"";"";"";"";"";"";"";"";"";"";"";"";"";"";"";"";"";"";"";"";"";"";"";"";"";"";
"2025-02-01 10:18:58";"";"";"";"";"";"";"";"";"";"";"";"";"";"";"";"";"";"";"";"";"";"";"";"";"";"";"";"";"";"";"";"";
"2025-02-01 10:21:59";"";"";"";"";"";"";"";"";"";"";"";"";"";"";"";"";"";"";"";"";"";"";"";"";"";"";"";"";"";"";"";"";
"2025-02-01 10:28:01";"";"";"";"";"";"";"";"";"";"";"";"";"";"";"";"";"";"";"";"";"";"";"";"";"";"";"";"";"";"";"";"";
"2025-02-01 10:31:02";"";"";"";"";"";"";"";"";"";"";"";"";"";"";"";"";"";"";"";"";"";"";"";"";"";"";"";"";"";"";"";"";
"2025-02-01 10:36:01";"31 017.78";"390 404.34";"835 570.06";"0.00";"0.00";"4 793.49";"0.00";"205 544.61";"130 310.77";"994 387.81";"3 016.91";"2 434.16";"9 062.43";"4.66";"11 419.82";"11 638.69";"53 943.51";"81 600.77";"480 775.63";"81 750.75";"941.27";"1 111.74";"92 460.90";"3 641.18";"69.54";"";"422.59";"5 026.91";"";"7 338.36";"";"1 759.17";
"2025-02-01 10:37:04";"";"";"";"";"";"";"";"";"";"";"";"";"";"";"";"";"";"";"";"";"";"";"";"";"";"";"";"";"";"";"";"";
"2025-02-01 10:43:07";"";"";"";"";"";"";"";"";"";"";"";"";"";"";"";"";"";"";"";"";"";"";"";"";"";"";"";"";"";"";"";"";
"2025-02-01 10:46:09";"";"";"";"";"";"";"";"";"";"";"";"";"";"";"";"";"";"";"";"";"";"";"";"";"";"";"";"";"";"";"";"";
"2025-02-01 10:52:11";"";"";"";"";"";"";"";"";"";"";"";"";"";"";"";"";"";"";"";"";"";"";"";"";"";"";"";"";"";"";"";"";
"2025-02-01 10:58:14";"";"";"";"";"";"";"";"";"";"";"";"";"";"";"";"";"";"";"";"";"";"";"";"";"";"";"";"";"";"";"";"";
"2025-02-01 11:01:15";"";"";"";"";"";"";"";"";"";"";"";"";"";"";"";"";"";"";"";"";"";"";"";"";"";"";"";"";"";"";"";"";
"2025-02-01 11:07:17";"";"";"";"";"";"";"";"";"";"";"";"";"";"";"";"";"";"";"";"";"";"";"";"";"";"";"";"";"";"";"";"";
"2025-02-01 11:13:20";"";"";"";"";"";"";"";"";"";"";"";"";"";"";"";"";"";"";"";"";"";"";"";"";"";"";"";"";"";"";"";"";
"2025-02-01 11:16:21";"";"";"";"";"";"";"";"";"";"";"";"";"";"";"";"";"";"";"";"";"";"";"";"";"";"";"";"";"";"";"";"";
"2025-02-01 11:22:23";"";"";"";"";"";"";"";"";"";"";"";"";"";"";"";"";"";"";"";"";"";"";"";"";"";"";"";"";"";"";"";"";
"2025-02-01 11:28:25";"";"";"";"";"";"";"";"";"";"";"";"";"";"";"";"";"";"";"";"";"";"";"";"";"";"";"";"";"";"";"";"";
"2025-02-01 11:31:26";"";"";"";"";"";"";"";"";"";"";"";"";"";"";"";"";"";"";"";"";"";"";"";"";"";"";"";"";"";"";"";"";
"2025-02-01 11:36:01";"31 022.15";"390 416.31";"835 597.75";"0.00";"0.00";"4 793.55";"0.00";"205 546.28";"130 317.08";"994 402.63";"3 016.91";"2 434.16";"9 062.70";"4.66";"11 420.00";"11 638.86";"53 944.23";"81 601.49";"480 784.13";"81 751.77";"941.27";"1 111.74";"92 460.92";"3 641.18";"69.54";"";"422.59";"5 026.91";"";"7 338.36";"";"1 759.17";
"2025-02-01 11:37:28";"";"";"";"";"";"";"";"";"";"";"";"";"";"";"";"";"";"";"";"";"";"";"";"";"";"";"";"";"";"";"";"";
"2025-02-01 11:40:30";"";"";"";"";"";"";"";"";"";"";"";"";"";"";"";"";"";"";"";"";"";"";"";"";"";"";"";"";"";"";"";"";
"2025-02-01 11:46:32";"";"";"";"";"";"";"";"";"";"";"";"";"";"";"";"";"";"";"";"";"";"";"";"";"";"";"";"";"";"";"";"";
"2025-02-01 11:52:34";"";"";"";"";"";"";"";"";"";"";"";"";"";"";"";"";"";"";"";"";"";"";"";"";"";"";"";"";"";"";"";"";
"2025-02-01 11:55:35";"";"";"";"";"";"";"";"";"";"";"";"";"";"";"";"";"";"";"";"";"";"";"";"";"";"";"";"";"";"";"";"";
"2025-02-01 11:58:36";"";"";"";"";"";"";"";"";"";"";"";"";"";"";"";"";"";"";"";"";"";"";"";"";"";"";"";"";"";"";"";"";
"2025-02-01 12:01:37";"";"";"";"";"";"";"";"";"";"";"";"";"";"";"";"";"";"";"";"";"";"";"";"";"";"";"";"";"";"";"";"";
"2025-02-01 12:07:40";"";"";"";"";"";"";"";"";"";"";"";"";"";"";"";"";"";"";"";"";"";"";"";"";"";"";"";"";"";"";"";"";
"2025-02-01 12:10:41";"";"";"";"";"";"";"";"";"";"";"";"";"";"";"";"";"";"";"";"";"";"";"";"";"";"";"";"";"";"";"";"";
"2025-02-01 12:16:43";"";"";"";"";"";"";"";"";"";"";"";"";"";"";"";"";"";"";"";"";"";"";"";"";"";"";"";"";"";"";"";"";
"2025-02-01 12:22:45";"";"";"";"";"";"";"";"";"";"";"";"";"";"";"";"";"";"";"";"";"";"";"";"";"";"";"";"";"";"";"";"";
"2025-02-01 12:25:46";"";"";"";"";"";"";"";"";"";"";"";"";"";"";"";"";"";"";"";"";"";"";"";"";"";"";"";"";"";"";"";"";
"2025-02-01 12:31:48";"";"";"";"";"";"";"";"";"";"";"";"";"";"";"";"";"";"";"";"";"";"";"";"";"";"";"";"";"";"";"";"";
"2025-02-01 12:36:01";"31 028.78";"390 436.19";"835 638.50";"0.00";"0.00";"4 793.62";"0.00";"205 548.09";"130 322.77";"994 414.19";"3 016.91";"2 434.16";"9 063.24";"4.66";"11 420.18";"11 639.04";"53 944.93";"81 602.15";"480 789.88";"81 752.72";"941.27";"1 111.74";"92 460.93";"3 641.18";"69.54";"";"422.59";"5 026.91";"";"7 338.36";"";"1 759.17";
"2025-02-01 12:37:50";"";"";"";"";"";"";"";"";"";"";"";"";"";"";"";"";"";"";"";"";"";"";"";"";"";"";"";"";"";"";"";"";
"2025-02-01 12:40:52";"";"";"";"";"";"";"";"";"";"";"";"";"";"";"";"";"";"";"";"";"";"";"";"";"";"";"";"";"";"";"";"";
"2025-02-01 12:46:54";"";"";"";"";"";"";"";"";"";"";"";"";"";"";"";"";"";"";"";"";"";"";"";"";"";"";"";"";"";"";"";"";
"2025-02-01 12:50:26";"";"";"";"";"";"";"";"";"";"";"";"";"";"";"";"";"";"";"";"";"";"";"";"";"";"";"";"";"";"";"";"";
"2025-02-01 12:52:56";"";"";"";"";"";"";"";"";"";"";"";"";"";"";"";"";"";"";"";"";"";"";"";"";"";"";"";"";"";"";"";"";
"2025-02-01 12:55:57";"";"";"";"";"";"";"";"";"";"";"";"";"";"";"";"";"";"";"";"";"";"";"";"";"";"";"";"";"";"";"";"";
"2025-02-01 13:01:59";"";"";"";"";"";"";"";"";"";"";"";"";"";"";"";"";"";"";"";"";"";"";"";"";"";"";"";"";"";"";"";"";
"2025-02-01 13:08:02";"";"";"";"";"";"";"";"";"";"";"";"";"";"";"";"";"";"";"";"";"";"";"";"";"";"";"";"";"";"";"";"";
"2025-02-01 13:11:03";"";"";"";"";"";"";"";"";"";"";"";"";"";"";"";"";"";"";"";"";"";"";"";"";"";"";"";"";"";"";"";"";
"2025-02-01 13:17:05";"";"";"";"";"";"";"";"";"";"";"";"";"";"";"";"";"";"";"";"";"";"";"";"";"";"";"";"";"";"";"";"";
"2025-02-01 13:23:07";"";"";"";"";"";"";"";"";"";"";"";"";"";"";"";"";"";"";"";"";"";"";"";"";"";"";"";"";"";"";"";"";
"2025-02-01 13:26:08";"";"";"";"";"";"";"";"";"";"";"";"";"";"";"";"";"";"";"";"";"";"";"";"";"";"";"";"";"";"";"";"";
"2025-02-01 13:32:11";"";"";"";"";"";"";"";"";"";"";"";"";"";"";"";"";"";"";"";"";"";"";"";"";"";"";"";"";"";"";"";"";
"2025-02-01 13:36:01";"31 034.28";"390 457.78";"835 678.69";"0.00";"0.00";"4 793.68";"0.00";"205 549.69";"130 325.00";"994 428.81";"3 016.91";"2 434.16";"9 063.78";"4.66";"11 420.37";"11 639.21";"53 945.66";"81 602.86";"480 798.75";"81 753.52";"941.27";"1 111.74";"92 460.95";"3 641.18";"69.54";"";"422.59";"5 026.91";"";"7 338.36";"";"1 759.17";
"2025-02-01 13:38:13";"";"";"";"";"";"";"";"";"";"";"";"";"";"";"";"";"";"";"";"";"";"";"";"";"";"";"";"";"";"";"";"";
"2025-02-01 13:41:14";"";"";"";"";"";"";"";"";"";"";"";"";"";"";"";"";"";"";"";"";"";"";"";"";"";"";"";"";"";"";"";"";
"2025-02-01 13:47:16";"";"";"";"";"";"";"";"";"";"";"";"";"";"";"";"";"";"";"";"";"";"";"";"";"";"";"";"";"";"";"";"";
"2025-02-01 13:53:18";"";"";"";"";"";"";"";"";"";"";"";"";"";"";"";"";"";"";"";"";"";"";"";"";"";"";"";"";"";"";"";"";
"2025-02-01 13:56:19";"";"";"";"";"";"";"";"";"";"";"";"";"";"";"";"";"";"";"";"";"";"";"";"";"";"";"";"";"";"";"";"";
"2025-02-01 14:02:21";"";"";"";"";"";"";"";"";"";"";"";"";"";"";"";"";"";"";"";"";"";"";"";"";"";"";"";"";"";"";"";"";
"2025-02-01 14:05:23";"";"";"";"";"";"";"";"";"";"";"";"";"";"";"";"";"";"";"";"";"";"";"";"";"";"";"";"";"";"";"";"";
"2025-02-01 14:08:31";"";"";"";"";"";"";"";"";"";"";"";"";"";"";"";"";"";"";"";"";"";"";"";"";"";"";"";"";"";"";"";"";
"2025-02-01 14:11:25";"";"";"";"";"";"";"";"";"";"";"";"";"";"";"";"";"";"";"";"";"";"";"";"";"";"";"";"";"";"";"";"";
"2025-02-01 14:17:28";"";"";"";"";"";"";"";"";"";"";"";"";"";"";"";"";"";"";"";"";"";"";"";"";"";"";"";"";"";"";"";"";
"2025-02-01 14:20:29";"";"";"";"";"";"";"";"";"";"";"";"";"";"";"";"";"";"";"";"";"";"";"";"";"";"";"";"";"";"";"";"";
"2025-02-01 14:26:31";"";"";"";"";"";"";"";"";"";"";"";"";"";"";"";"";"";"";"";"";"";"";"";"";"";"";"";"";"";"";"";"";
"2025-02-01 14:32:33";"";"";"";"";"";"";"";"";"";"";"";"";"";"";"";"";"";"";"";"";"";"";"";"";"";"";"";"";"";"";"";"";
"2025-02-01 14:35:34";"";"";"";"";"";"";"";"";"";"";"";"";"";"";"";"";"";"";"";"";"";"";"";"";"";"";"";"";"";"";"";"";
"2025-02-01 14:36:01";"31 038.76";"390 477.41";"835 712.81";"0.00";"0.00";"4 793.76";"0.00";"205 550.91";"130 325.91";"994 441.63";"3 016.91";"2 434.16";"9 064.25";"4.66";"11 420.55";"11 639.39";"53 946.34";"81 603.63";"480 805.63";"81 754.40";"941.27";"1 111.74";"92 460.97";"3 641.18";"69.54";"";"422.59";"5 026.91";"";"7 338.36";"";"1 759.17";
"2025-02-01 14:41:36";"";"";"";"";"";"";"";"";"";"";"";"";"";"";"";"";"";"";"";"";"";"";"";"";"";"";"";"";"";"";"";"";
"2025-02-01 14:47:39";"";"";"";"";"";"";"";"";"";"";"";"";"";"";"";"";"";"";"";"";"";"";"";"";"";"";"";"";"";"";"";"";
"2025-02-01 14:50:40";"";"";"";"";"";"";"";"";"";"";"";"";"";"";"";"";"";"";"";"";"";"";"";"";"";"";"";"";"";"";"";"";
"2025-02-01 14:56:42";"";"";"";"";"";"";"";"";"";"";"";"";"";"";"";"";"";"";"";"";"";"";"";"";"";"";"";"";"";"";"";"";
"2025-02-01 14:58:51";"";"";"";"";"";"";"";"";"";"";"";"";"";"";"";"";"";"";"";"";"";"";"";"";"";"";"";"";"";"";"";"";
"2025-02-01 15:02:45";"";"";"";"";"";"";"";"";"";"";"";"";"";"";"";"";"";"";"";"";"";"";"";"";"";"";"";"";"";"";"";"";
"2025-02-01 15:05:46";"";"";"";"";"";"";"";"";"";"";"";"";"";"";"";"";"";"";"";"";"";"";"";"";"";"";"";"";"";"";"";"";
"2025-02-01 15:11:48";"";"";"";"";"";"";"";"";"";"";"";"";"";"";"";"";"";"";"";"";"";"";"";"";"";"";"";"";"";"";"";"";
"2025-02-01 15:17:50";"";"";"";"";"";"";"";"";"";"";"";"";"";"";"";"";"";"";"";"";"";"";"";"";"";"";"";"";"";"";"";"";
"2025-02-01 15:20:51";"";"";"";"";"";"";"";"";"";"";"";"";"";"";"";"";"";"";"";"";"";"";"";"";"";"";"";"";"";"";"";"";
"2025-02-01 15:26:54";"";"";"";"";"";"";"";"";"";"";"";"";"";"";"";"";"";"";"";"";"";"";"";"";"";"";"";"";"";"";"";"";
"2025-02-01 15:32:56";"";"";"";"";"";"";"";"";"";"";"";"";"";"";"";"";"";"";"";"";"";"";"";"";"";"";"";"";"";"";"";"";
"2025-02-01 15:35:57";"";"";"";"";"";"";"";"";"";"";"";"";"";"";"";"";"";"";"";"";"";"";"";"";"";"";"";"";"";"";"";"";
"2025-02-01 15:36:01";"31 041.76";"390 489.66";"835 734.06";"0.00";"0.00";"4 793.83";"0.00";"205 551.98";"130 326.84";"994 460.31";"3 016.91";"2 434.16";"9 064.45";"4.66";"11 420.73";"11 639.56";"53 947.04";"81 604.36";"480 818.13";"81 755.47";"941.27";"1 111.74";"92 460.99";"3 641.18";"69.54";"";"422.59";"5 026.91";"";"7 338.36";"";"1 759.17";
"2025-02-01 15:41:59";"";"";"";"";"";"";"";"";"";"";"";"";"";"";"";"";"";"";"";"";"";"";"";"";"";"";"";"";"";"";"";"";
"2025-02-01 15:48:01";"";"";"";"";"";"";"";"";"";"";"";"";"";"";"";"";"";"";"";"";"";"";"";"";"";"";"";"";"";"";"";"";
"2025-02-01 15:51:02";"";"";"";"";"";"";"";"";"";"";"";"";"";"";"";"";"";"";"";"";"";"";"";"";"";"";"";"";"";"";"";"";
"2025-02-01 15:57:05";"";"";"";"";"";"";"";"";"";"";"";"";"";"";"";"";"";"";"";"";"";"";"";"";"";"";"";"";"";"";"";"";
"2025-02-01 16:03:07";"";"";"";"";"";"";"";"";"";"";"";"";"";"";"";"";"";"";"";"";"";"";"";"";"";"";"";"";"";"";"";"";
"2025-02-01 16:06:08";"";"";"";"";"";"";"";"";"";"";"";"";"";"";"";"";"";"";"";"";"";"";"";"";"";"";"";"";"";"";"";"";
"2025-02-01 16:12:11";"";"";"";"";"";"";"";"";"";"";"";"";"";"";"";"";"";"";"";"";"";"";"";"";"";"";"";"";"";"";"";"";
"2025-02-01 16:18:13";"";"";"";"";"";"";"";"";"";"";"";"";"";"";"";"";"";"";"";"";"";"";"";"";"";"";"";"";"";"";"";"";
"2025-02-01 16:21:14";"";"";"";"";"";"";"";"";"";"";"";"";"";"";"";"";"";"";"";"";"";"";"";"";"";"";"";"";"";"";"";"";
"2025-02-01 16:27:16";"";"";"";"";"";"";"";"";"";"";"";"";"";"";"";"";"";"";"";"";"";"";"";"";"";"";"";"";"";"";"";"";
"2025-02-01 16:30:17";"";"";"";"";"";"";"";"";"";"";"";"";"";"";"";"";"";"";"";"";"";"";"";"";"";"";"";"";"";"";"";"";
"2025-02-01 16:33:18";"";"";"";"";"";"";"";"";"";"";"";"";"";"";"";"";"";"";"";"";"";"";"";"";"";"";"";"";"";"";"";"";
"2025-02-01 16:36:01";"31 042.56";"390 492.97";"835 741.88";"0.00";"0.00";"4 793.90";"0.00";"205 554.13";"130 327.73";"994 477.38";"3 016.96";"2 434.16";"9 064.46";"4.66";"11 420.90";"11 639.74";"53 947.73";"81 605.06";"480 828.72";"81 756.27";"941.27";"1 111.74";"92 461.00";"3 641.18";"69.54";"";"422.59";"5 026.91";"";"7 338.36";"";"1 759.17";
"2025-02-01 16:36:19";"";"";"";"";"";"";"";"";"";"";"";"";"";"";"";"";"";"";"";"";"";"";"";"";"";"";"";"";"";"";"";"";
"2025-02-01 16:42:22";"";"";"";"";"";"";"";"";"";"";"";"";"";"";"";"";"";"";"";"";"";"";"";"";"";"";"";"";"";"";"";"";
"2025-02-01 16:45:23";"";"";"";"";"";"";"";"";"";"";"";"";"";"";"";"";"";"";"";"";"";"";"";"";"";"";"";"";"";"";"";"";
"2025-02-01 16:51:25";"";"";"";"";"";"";"";"";"";"";"";"";"";"";"";"";"";"";"";"";"";"";"";"";"";"";"";"";"";"";"";"";
"2025-02-01 16:57:27";"";"";"";"";"";"";"";"";"";"";"";"";"";"";"";"";"";"";"";"";"";"";"";"";"";"";"";"";"";"";"";"";
"2025-02-01 17:00:28";"";"";"";"";"";"";"";"";"";"";"";"";"";"";"";"";"";"";"";"";"";"";"";"";"";"";"";"";"";"";"";"";
"2025-02-01 17:06:30";"";"";"";"";"";"";"";"";"";"";"";"";"";"";"";"";"";"";"";"";"";"";"";"";"";"";"";"";"";"";"";"";
"2025-02-01 17:12:32";"";"";"";"";"";"";"";"";"";"";"";"";"";"";"";"";"";"";"";"";"";"";"";"";"";"";"";"";"";"";"";"";
"2025-02-01 17:15:33";"";"";"";"";"";"";"";"";"";"";"";"";"";"";"";"";"";"";"";"";"";"";"";"";"";"";"";"";"";"";"";"";
"2025-02-01 17:21:36";"";"";"";"";"";"";"";"";"";"";"";"";"";"";"";"";"";"";"";"";"";"";"";"";"";"";"";"";"";"";"";"";
"2025-02-01 17:27:38";"";"";"";"";"";"";"";"";"";"";"";"";"";"";"";"";"";"";"";"";"";"";"";"";"";"";"";"";"";"";"";"";
"2025-02-01 17:30:39";"";"";"";"";"";"";"";"";"";"";"";"";"";"";"";"";"";"";"";"";"";"";"";"";"";"";"";"";"";"";"";"";
"2025-02-01 17:36:01";"31 042.58";"390 493.34";"835 742.69";"0.00";"0.00";"4 793.96";"0.00";"205 556.77";"130 328.56";"994 485.38";"3 017.04";"2 434.16";"9 064.46";"4.66";"11 421.08";"11 639.91";"53 948.50";"81 605.74";"480 830.88";"81 757.07";"941.27";"1 111.74";"92 461.02";"3 641.18";"69.54";"";"422.59";"5 026.91";"";"7 338.36";"";"1 759.17";
"2025-02-01 17:36:42";"";"";"";"";"";"";"";"";"";"";"";"";"";"";"";"";"";"";"";"";"";"";"";"";"";"";"";"";"";"";"";"";
"2025-02-01 17:42:44";"";"";"";"";"";"";"";"";"";"";"";"";"";"";"";"";"";"";"";"";"";"";"";"";"";"";"";"";"";"";"";"";
"2025-02-01 17:45:46";"";"";"";"";"";"";"";"";"";"";"";"";"";"";"";"";"";"";"";"";"";"";"";"";"";"";"";"";"";"";"";"";
"2025-02-01 17:51:48";"";"";"";"";"";"";"";"";"";"";"";"";"";"";"";"";"";"";"";"";"";"";"";"";"";"";"";"";"";"";"";"";
"2025-02-01 17:57:50";"";"";"";"";"";"";"";"";"";"";"";"";"";"";"";"";"";"";"";"";"";"";"";"";"";"";"";"";"";"";"";"";
"2025-02-01 18:00:51";"";"";"";"";"";"";"";"";"";"";"";"";"";"";"";"";"";"";"";"";"";"";"";"";"";"";"";"";"";"";"";"";
"2025-02-01 18:06:53";"";"";"";"";"";"";"";"";"";"";"";"";"";"";"";"";"";"";"";"";"";"";"";"";"";"";"";"";"";"";"";"";
"2025-02-01 18:12:56";"";"";"";"";"";"";"";"";"";"";"";"";"";"";"";"";"";"";"";"";"";"";"";"";"";"";"";"";"";"";"";"";
"2025-02-01 18:15:57";"";"";"";"";"";"";"";"";"";"";"";"";"";"";"";"";"";"";"";"";"";"";"";"";"";"";"";"";"";"";"";"";
"2025-02-01 18:21:59";"";"";"";"";"";"";"";"";"";"";"";"";"";"";"";"";"";"";"";"";"";"";"";"";"";"";"";"";"";"";"";"";
"2025-02-01 18:27:46";"";"";"";"";"";"";"";"";"";"";"";"";"";"";"";"";"";"";"";"";"";"";"";"";"";"";"";"";"";"";"";"";
"2025-02-01 18:27:47";"";"";"";"";"";"";"";"";"";"";"";"";"";"";"";"";"";"";"";"";"";"";"";"";"";"";"";"";"1 348.09";"";"";"";
"2025-02-01 18:28:02";"";"";"";"";"";"";"";"";"";"";"";"";"";"";"";"";"";"";"";"";"";"";"";"";"";"";"";"";"";"";"";"";
"2025-02-01 18:31:03";"";"";"";"";"";"";"";"";"";"";"";"";"";"";"";"";"";"";"";"";"";"";"";"";"";"";"";"";"";"";"";"";
"2025-02-01 18:36:01";"31 042.58";"390 493.34";"835 742.75";"0.00";"0.00";"4 794.02";"0.00";"205 557.75";"130 330.00";"994 501.81";"3 017.20";"2 434.16";"9 064.46";"4.66";"11 421.24";"11 640.09";"53 949.14";"81 606.37";"480 840.66";"81 758.17";"941.27";"1 111.92";"92 461.04";"3 641.18";"69.60";"";"422.77";"5 026.91";"";"7 338.36";"";"1 759.17";
"2025-02-01 18:37:05";"";"";"";"";"";"";"";"";"";"";"";"";"";"";"";"";"";"";"";"";"";"";"";"";"";"";"";"";"";"";"";"";
"2025-02-01 18:43:07";"";"";"";"";"";"";"";"";"";"";"";"";"";"";"";"";"";"";"";"";"";"";"";"";"";"";"";"";"";"";"";"";
"2025-02-01 18:46:09";"";"";"";"";"";"";"";"";"";"";"";"";"";"";"";"";"";"";"";"";"";"";"";"";"";"";"";"";"";"";"";"";
"2025-02-01 18:52:11";"";"";"";"";"";"";"";"";"";"";"";"";"";"";"";"";"";"";"";"";"";"";"";"";"";"";"";"";"";"";"";"";
"2025-02-01 18:55:12";"";"";"";"";"";"";"";"";"";"";"";"";"";"";"";"";"";"";"";"";"";"";"";"";"";"";"";"";"";"";"";"";
"2025-02-01 18:58:13";"";"";"";"";"";"";"";"";"";"";"";"";"";"";"";"";"";"";"";"";"";"";"";"";"";"";"";"";"";"";"";"";
"2025-02-01 19:01:14";"";"";"";"";"";"";"";"";"";"";"";"";"";"";"";"";"";"";"";"";"";"";"";"";"";"";"";"";"";"";"";"";
"2025-02-01 19:07:17";"";"";"";"";"";"";"";"";"";"";"";"";"";"";"";"";"";"";"";"";"";"";"";"";"";"";"";"";"";"";"";"";
"2025-02-01 19:10:18";"";"";"";"";"";"";"";"";"";"";"";"";"";"";"";"";"";"";"";"";"";"";"";"";"";"";"";"";"";"";"";"";
"2025-02-01 19:11:04";"";"";"";"";"";"";"";"";"";"";"";"";"";"";"";"";"";"";"";"";"";"";"";"";"";"";"";"";"";"";"";"";
"2025-02-01 19:12:04";"";"";"";"";"";"";"";"";"";"";"";"";"";"";"";"";"";"";"";"";"";"";"";"";"";"";"";"";"";"";"";"";
"2025-02-01 19:16:20";"";"";"";"";"";"";"";"";"";"";"";"";"";"";"";"";"";"";"";"";"";"";"";"";"";"";"";"";"";"";"";"";
"2025-02-01 19:22:23";"";"";"";"";"";"";"";"";"";"";"";"";"";"";"";"";"";"";"";"";"";"";"";"";"";"";"";"";"";"";"";"";
"2025-02-01 19:25:24";"";"";"";"";"";"";"";"";"";"";"";"";"";"";"";"";"";"";"";"";"";"";"";"";"";"";"";"";"";"";"";"";
"2025-02-01 19:31:26";"";"";"";"";"";"";"";"";"";"";"";"";"";"";"";"";"";"";"";"";"";"";"";"";"";"";"";"";"";"";"";"";
"2025-02-01 19:36:01";"31 042.58";"390 493.34";"835 742.75";"0.00";"0.00";"4 794.08";"0.00";"205 558.67";"130 331.77";"994 515.19";"3 017.33";"2 434.16";"9 064.46";"4.66";"11 421.41";"11 640.26";"53 949.89";"81 607.01";"480 848.13";"81 759.00";"941.27";"1 111.92";"92 461.05";"3 641.18";"69.60";"";"422.77";"5 026.91";"";"7 338.36";"";"1 759.17";
"2025-02-01 19:37:29";"";"";"";"";"";"";"";"";"";"";"";"";"";"";"";"";"";"";"";"";"";"";"";"";"";"";"";"";"";"";"";"";
"2025-02-01 19:40:30";"";"";"";"";"";"";"";"";"";"";"";"";"";"";"";"";"";"";"";"";"";"";"";"";"";"";"";"";"";"";"";"";
"2025-02-01 19:46:32";"";"";"";"";"";"";"";"";"";"";"";"";"";"";"";"";"";"";"";"";"";"";"";"";"";"";"";"";"";"";"";"";
"2025-02-01 19:52:34";"";"";"";"";"";"";"";"";"";"";"";"";"";"";"";"";"";"";"";"";"";"";"";"";"";"";"";"";"";"";"";"";
"2025-02-01 19:55:35";"";"";"";"";"";"";"";"";"";"";"";"";"";"";"";"";"";"";"";"";"";"";"";"";"";"";"";"";"";"";"";"";
"2025-02-01 19:58:36";"";"";"";"";"";"";"";"";"";"";"";"";"";"";"";"";"";"";"";"";"";"";"";"";"";"";"";"";"";"";"";"";
"2025-02-01 20:01:38";"";"";"";"";"";"";"";"";"";"";"";"";"";"";"";"";"";"";"";"";"";"";"";"";"";"";"";"";"";"";"";"";
"2025-02-01 20:07:40";"";"";"";"";"";"";"";"";"";"";"";"";"";"";"";"";"";"";"";"";"";"";"";"";"";"";"";"";"";"";"";"";
"2025-02-01 20:10:41";"";"";"";"";"";"";"";"";"";"";"";"";"";"";"";"";"";"";"";"";"";"";"";"";"";"";"";"";"";"";"";"";
"2025-02-01 20:16:43";"";"";"";"";"";"";"";"";"";"";"";"";"";"";"";"";"";"";"";"";"";"";"";"";"";"";"";"";"";"";"";"";
"2025-02-01 20:22:45";"";"";"";"";"";"";"";"";"";"";"";"";"";"";"";"";"";"";"";"";"";"";"";"";"";"";"";"";"";"";"";"";
"2025-02-01 20:25:46";"";"";"";"";"";"";"";"";"";"";"";"";"";"";"";"";"";"";"";"";"";"";"";"";"";"";"";"";"";"";"";"";
"2025-02-01 20:31:49";"";"";"";"";"";"";"";"";"";"";"";"";"";"";"";"";"";"";"";"";"";"";"";"";"";"";"";"";"";"";"";"";
"2025-02-01 20:36:01";"31 042.58";"390 493.34";"835 742.88";"0.00";"0.00";"4 794.14";"0.00";"205 559.66";"130 333.44";"994 532.31";"3 017.50";"2 434.16";"9 064.46";"4.66";"11 421.60";"11 640.44";"53 950.59";"81 607.68";"480 859.16";"81 759.80";"941.27";"1 111.92";"92 461.07";"3 641.18";"69.60";"";"422.77";"5 026.91";"";"7 338.36";"";"1 759.17";
"2025-02-01 20:37:51";"";"";"";"";"";"";"";"";"";"";"";"";"";"";"";"";"";"";"";"";"";"";"";"";"";"";"";"";"";"";"";"";
"2025-02-01 20:40:52";"";"";"";"";"";"";"";"";"";"";"";"";"";"";"";"";"";"";"";"";"";"";"";"";"";"";"";"";"";"";"";"";
"2025-02-01 20:43:53";"";"";"";"";"";"";"";"";"";"";"";"";"";"";"";"";"";"";"";"";"";"";"";"";"";"";"";"";"";"";"";"";
"2025-02-01 20:46:54";"";"";"";"";"";"";"";"";"";"";"";"";"";"";"";"";"";"";"";"";"";"";"";"";"";"";"";"";"";"";"";"";
"2025-02-01 20:52:56";"";"";"";"";"";"";"";"";"";"";"";"";"";"";"";"";"";"";"";"";"";"";"";"";"";"";"";"";"";"";"";"";
"2025-02-01 20:54:33";"";"";"";"";"";"";"";"";"";"";"";"";"";"";"";"";"";"";"";"";"";"";"";"";"";"11 049.12";"";"";"";"";"";"";
"2025-02-01 20:55:57";"";"";"";"";"";"";"";"";"";"";"";"";"";"";"";"";"";"";"";"";"";"";"";"";"";"";"";"";"";"";"";"";
"2025-02-01 21:02:00";"";"";"";"";"";"";"";"";"";"";"";"";"";"";"";"";"";"";"";"";"";"";"";"";"";"";"";"";"";"";"";"";
"2025-02-01 21:08:02";"";"";"";"";"";"";"";"";"";"";"";"";"";"";"";"";"";"";"";"";"";"";"";"";"";"";"";"";"";"";"";"";
"2025-02-01 21:11:03";"";"";"";"";"";"";"";"";"";"";"";"";"";"";"";"";"";"";"";"";"";"";"";"";"";"";"";"";"";"";"";"";
"2025-02-01 21:17:05";"";"";"";"";"";"";"";"";"";"";"";"";"";"";"";"";"";"";"";"";"";"";"";"";"";"";"";"";"";"";"";"";
"2025-02-01 21:20:06";"";"";"";"";"";"";"";"";"";"";"";"";"";"";"";"";"";"";"";"";"";"";"";"";"";"";"";"";"";"";"";"";
"2025-02-01 21:26:08";"";"";"";"";"";"";"";"";"";"";"";"";"";"";"";"";"";"";"";"";"";"";"";"";"";"";"";"";"";"";"";"";
"2025-02-01 21:32:11";"";"";"";"";"";"";"";"";"";"";"";"";"";"";"";"";"";"";"";"";"";"";"";"";"";"";"";"";"";"";"";"";
"2025-02-01 21:35:12";"";"";"";"";"";"";"";"";"";"";"";"";"";"";"";"";"";"";"";"";"";"";"";"";"";"";"";"";"";"";"";"";
"2025-02-01 21:36:01";"31 042.58";"390 493.34";"835 742.75";"0.00";"0.00";"4 794.20";"0.00";"205 560.59";"130 335.25";"994 550.81";"3 017.68";"2 434.16";"9 064.46";"4.66";"11 421.78";"11 640.61";"53 951.35";"81 608.33";"480 871.63";"81 760.88";"941.27";"1 111.92";"92 461.09";"3 641.18";"69.60";"";"422.77";"5 027.24";"";"7 339.26";"";"1 759.17";
"2025-02-01 21:38:13";"";"";"";"";"";"";"";"";"";"";"";"";"";"";"";"";"";"";"";"";"";"";"";"";"";"";"";"";"";"";"";"";
"2025-02-01 21:41:14";"";"";"";"";"";"";"";"";"";"";"";"";"";"";"";"";"";"";"";"";"";"";"";"";"";"";"";"";"";"";"";"";
"2025-02-01 21:41:26";"";"";"";"";"";"";"";"";"";"";"";"";"";"";"";"";"";"";"";"";"";"";"";"";"";"";"";"";"";"";"1 840.65";"";
"2025-02-01 21:47:16";"";"";"";"";"";"";"";"";"";"";"";"";"";"";"";"";"";"";"";"";"";"";"";"";"";"";"";"";"";"";"";"";
"2025-02-01 21:50:17";"";"";"";"";"";"";"";"";"";"";"";"";"";"";"";"";"";"";"";"";"";"";"";"";"";"";"";"";"";"";"";"";
"2025-02-01 21:56:20";"";"";"";"";"";"";"";"";"";"";"";"";"";"";"";"";"";"";"";"";"";"";"";"";"";"";"";"";"";"";"";"";
"2025-02-01 22:02:22";"";"";"";"";"";"";"";"";"";"";"";"";"";"";"";"";"";"";"";"";"";"";"";"";"";"";"";"";"";"";"";"";
"2025-02-01 22:05:23";"";"";"";"";"";"";"";"";"";"";"";"";"";"";"";"";"";"";"";"";"";"";"";"";"";"";"";"";"";"";"";"";
"2025-02-01 22:11:25";"";"";"";"";"";"";"";"";"";"";"";"";"";"";"";"";"";"";"";"";"";"";"";"";"";"";"";"";"";"";"";"";
"2025-02-01 22:17:27";"";"";"";"";"";"";"";"";"";"";"";"";"";"";"";"";"";"";"";"";"";"";"";"";"";"";"";"";"";"";"";"";
"2025-02-01 22:20:29";"";"";"";"";"";"";"";"";"";"";"";"";"";"";"";"";"";"";"";"";"";"";"";"";"";"";"";"";"";"";"";"";
"2025-02-01 22:26:31";"";"";"";"";"";"";"";"";"";"";"";"";"";"";"";"";"";"";"";"";"";"";"";"";"";"";"";"";"";"";"";"";
"2025-02-01 22:32:34";"";"";"";"";"";"";"";"";"";"";"";"";"";"";"";"";"";"";"";"";"";"";"";"";"";"";"";"";"";"";"";"";
"2025-02-01 22:35:35";"";"";"";"";"";"";"";"";"";"";"";"";"";"";"";"";"";"";"";"";"";"";"";"";"";"";"";"";"";"";"";"";
"2025-02-01 22:36:01";"31 042.58";"390 493.34";"835 742.88";"0.00";"0.00";"4 794.26";"0.00";"205 561.53";"130 336.92";"994 564.31";"3 017.75";"2 434.23";"9 064.46";"4.66";"11 421.96";"11 640.79";"53 952.06";"81 608.99";"480 878.81";"81 761.77";"941.36";"1 111.92";"92 461.10";"3 641.47";"69.60";"";"422.77";"5 027.24";"";"7 339.26";"";"1 759.19";
